character,character_type,source_url,character_url,word_count,character_count,internal_link_count,unique_internal_link_count,rings_of_power_link
Anborn,literary,https://tolkiengateway.net/wiki/Category:Characters_in_The_Lord_of_the_Rings,https://tolkiengateway.net/wiki/Anborn,427,2268,45,31,False
Angbor,literary,https://tolkiengateway.net/wiki/Category:Characters_in_The_Lord_of_the_Rings,https://tolkiengateway.net/wiki/Angbor,643,3499,69,53,False
Aragorn,literary,https://tolkiengateway.net/wiki/Category:Characters_in_The_Lord_of_the_Rings,https://tolkiengateway.net/wiki/Aragorn,9639,50462,1479,664,False
Arwen,literary,https://tolkiengateway.net/wiki/Category:Characters_in_The_Lord_of_the_Rings,https://tolkiengateway.net/wiki/Arwen,2497,13508,311,175,False
Barliman Butterbur,literary,https://tolkiengateway.net/wiki/Category:Characters_in_The_Lord_of_the_Rings,https://tolkiengateway.net/wiki/Barliman_Butterbur,1258,6875,111,76,False
Barrow-wights,literary,https://tolkiengateway.net/wiki/Category:Characters_in_The_Lord_of_the_Rings,https://tolkiengateway.net/wiki/Barrow-wights,2143,12072,194,110,True
Beechbone,literary,https://tolkiengateway.net/wiki/Category:Characters_in_The_Lord_of_the_Rings,https://tolkiengateway.net/wiki/Beechbone,180,1023,33,25,False
Beregond,literary,https://tolkiengateway.net/wiki/Category:Characters_in_The_Lord_of_the_Rings,https://tolkiengateway.net/wiki/Beregond,1328,7201,132,85,False
Bergil,literary,https://tolkiengateway.net/wiki/Category:Characters_in_The_Lord_of_the_Rings,https://tolkiengateway.net/wiki/Bergil,446,2315,83,52,False
Bilbo Baggins,literary,https://tolkiengateway.net/wiki/Category:Characters_in_The_Lord_of_the_Rings,https://tolkiengateway.net/wiki/Bilbo_Baggins,9651,53438,916,519,False
Bill Ferny,literary,https://tolkiengateway.net/wiki/Category:Characters_in_The_Lord_of_the_Rings,https://tolkiengateway.net/wiki/Bill_Ferny,1132,6050,123,85,False
Bob,literary,https://tolkiengateway.net/wiki/Category:Characters_in_The_Lord_of_the_Rings,https://tolkiengateway.net/wiki/Bob,342,1782,40,30,False
Boromir,literary,https://tolkiengateway.net/wiki/Category:Characters_in_The_Lord_of_the_Rings,https://tolkiengateway.net/wiki/Boromir,4635,24771,551,273,False
Bowman Cotton,literary,https://tolkiengateway.net/wiki/Category:Characters_in_The_Lord_of_the_Rings,https://tolkiengateway.net/wiki/Bowman_Cotton,166,939,29,25,False
Captains of the West,literary,https://tolkiengateway.net/wiki/Category:Characters_in_The_Lord_of_the_Rings,https://tolkiengateway.net/wiki/Captains_of_the_West,130,639,22,19,False
Carl Cotton,literary,https://tolkiengateway.net/wiki/Category:Characters_in_The_Lord_of_the_Rings,https://tolkiengateway.net/wiki/Carl_Cotton,304,1638,42,32,False
Celeborn,literary,https://tolkiengateway.net/wiki/Category:Characters_in_The_Lord_of_the_Rings,https://tolkiengateway.net/wiki/Celeborn,4208,23198,563,315,True
Ceorl,literary,https://tolkiengateway.net/wiki/Category:Characters_in_The_Lord_of_the_Rings,https://tolkiengateway.net/wiki/Ceorl,423,2287,49,37,False
Círdan,literary,https://tolkiengateway.net/wiki/Category:Characters_in_The_Lord_of_the_Rings,https://tolkiengateway.net/wiki/C%C3%ADrdan,4578,25087,501,240,True
Daddy Twofoot,literary,https://tolkiengateway.net/wiki/Category:Characters_in_The_Lord_of_the_Rings,https://tolkiengateway.net/wiki/Daddy_Twofoot,472,2534,54,43,False
Damrod,literary,https://tolkiengateway.net/wiki/Category:Characters_in_The_Lord_of_the_Rings,https://tolkiengateway.net/wiki/Damrod,379,2124,47,35,False
Denethor,literary,https://tolkiengateway.net/wiki/Category:Characters_in_The_Lord_of_the_Rings,https://tolkiengateway.net/wiki/Denethor,4311,22680,561,336,False
Déorwine,literary,https://tolkiengateway.net/wiki/Category:Characters_in_The_Lord_of_the_Rings,https://tolkiengateway.net/wiki/D%C3%A9orwine,287,1577,45,40,False
Derufin,literary,https://tolkiengateway.net/wiki/Category:Characters_in_The_Lord_of_the_Rings,https://tolkiengateway.net/wiki/Derufin,318,1728,50,29,False
Dervorin,literary,https://tolkiengateway.net/wiki/Category:Characters_in_The_Lord_of_the_Rings,https://tolkiengateway.net/wiki/Dervorin,524,2723,59,41,False
Duilin (son of Duinhir),literary,https://tolkiengateway.net/wiki/Category:Characters_in_The_Lord_of_the_Rings,https://tolkiengateway.net/wiki/Duilin_(son_of_Duinhir),460,2537,67,44,False
Duinhir,literary,https://tolkiengateway.net/wiki/Category:Characters_in_The_Lord_of_the_Rings,https://tolkiengateway.net/wiki/Duinhir,510,2707,67,36,False
Dúnhere,literary,https://tolkiengateway.net/wiki/Category:Characters_in_The_Lord_of_the_Rings,https://tolkiengateway.net/wiki/D%C3%BAnhere,517,2797,67,44,False
Durin's Bane,literary,https://tolkiengateway.net/wiki/Category:Characters_in_The_Lord_of_the_Rings,https://tolkiengateway.net/wiki/Durin%27s_Bane,2832,15306,248,164,True
Elfhelm,literary,https://tolkiengateway.net/wiki/Category:Characters_in_The_Lord_of_the_Rings,https://tolkiengateway.net/wiki/Elfhelm,1272,6916,117,75,False
Elladan and Elrohir,literary,https://tolkiengateway.net/wiki/Category:Characters_in_The_Lord_of_the_Rings,https://tolkiengateway.net/wiki/Elladan_and_Elrohir,1947,10386,261,144,False
Elrond,literary,https://tolkiengateway.net/wiki/Category:Characters_in_The_Lord_of_the_Rings,https://tolkiengateway.net/wiki/Elrond,6218,34085,810,444,True
Éomer,literary,https://tolkiengateway.net/wiki/Category:Characters_in_The_Lord_of_the_Rings,https://tolkiengateway.net/wiki/%C3%89omer,4622,24505,536,316,False
Éothain,literary,https://tolkiengateway.net/wiki/Category:Characters_in_The_Lord_of_the_Rings,https://tolkiengateway.net/wiki/%C3%89othain,473,2576,59,45,False
Éowyn,literary,https://tolkiengateway.net/wiki/Category:Characters_in_The_Lord_of_the_Rings,https://tolkiengateway.net/wiki/%C3%89owyn,2772,14795,290,191,False
Erestor,literary,https://tolkiengateway.net/wiki/Category:Characters_in_The_Lord_of_the_Rings,https://tolkiengateway.net/wiki/Erestor,649,3587,79,53,False
Erkenbrand,literary,https://tolkiengateway.net/wiki/Category:Characters_in_The_Lord_of_the_Rings,https://tolkiengateway.net/wiki/Erkenbrand,1197,6663,117,67,False
F,literary,https://tolkiengateway.net/wiki/Category:Characters_in_The_Lord_of_the_Rings,https://tolkiengateway.net/wiki/F,752,4072,94,60,False
Faramir,literary,https://tolkiengateway.net/wiki/Category:Characters_in_The_Lord_of_the_Rings,https://tolkiengateway.net/wiki/Faramir,3880,20212,586,344,False
Farmer Cotton,literary,https://tolkiengateway.net/wiki/Category:Characters_in_The_Lord_of_the_Rings,https://tolkiengateway.net/wiki/Farmer_Cotton,556,2992,77,56,False
Farmer Maggot,literary,https://tolkiengateway.net/wiki/Category:Characters_in_The_Lord_of_the_Rings,https://tolkiengateway.net/wiki/Farmer_Maggot,1717,9417,112,66,False
Fastred (rider of Rohan),literary,https://tolkiengateway.net/wiki/Category:Characters_in_The_Lord_of_the_Rings,https://tolkiengateway.net/wiki/Fastred_(rider_of_Rohan),324,1806,41,36,False
Folco Boffin,literary,https://tolkiengateway.net/wiki/Category:Characters_in_The_Lord_of_the_Rings,https://tolkiengateway.net/wiki/Folco_Boffin,267,1406,44,32,False
Forlong,literary,https://tolkiengateway.net/wiki/Category:Characters_in_The_Lord_of_the_Rings,https://tolkiengateway.net/wiki/Forlong,730,3795,65,30,False
Fredegar Bolger,literary,https://tolkiengateway.net/wiki/Category:Characters_in_The_Lord_of_the_Rings,https://tolkiengateway.net/wiki/Fredegar_Bolger,1199,6467,127,87,False
Frodo Baggins,literary,https://tolkiengateway.net/wiki/Category:Characters_in_The_Lord_of_the_Rings,https://tolkiengateway.net/wiki/Frodo_Baggins,7953,43295,971,530,False
Gaffer Gamgee,literary,https://tolkiengateway.net/wiki/Category:Characters_in_The_Lord_of_the_Rings,https://tolkiengateway.net/wiki/Gaffer_Gamgee,1753,9428,172,114,False
Galadriel,literary,https://tolkiengateway.net/wiki/Category:Characters_in_The_Lord_of_the_Rings,https://tolkiengateway.net/wiki/Galadriel,11694,65400,1028,541,True
Galdor (elf of the Havens),literary,https://tolkiengateway.net/wiki/Category:Characters_in_The_Lord_of_the_Rings,https://tolkiengateway.net/wiki/Galdor_(elf_of_the_Havens),609,3314,78,59,False
Gamling,literary,https://tolkiengateway.net/wiki/Category:Characters_in_The_Lord_of_the_Rings,https://tolkiengateway.net/wiki/Gamling,548,3012,60,48,False
Gandalf,literary,https://tolkiengateway.net/wiki/Category:Characters_in_The_Lord_of_the_Rings,https://tolkiengateway.net/wiki/Gandalf,15475,84831,1516,732,True
Gárulf,literary,https://tolkiengateway.net/wiki/Category:Characters_in_The_Lord_of_the_Rings,https://tolkiengateway.net/wiki/G%C3%A1rulf,190,1024,33,30,False
Gerontius Took,literary,https://tolkiengateway.net/wiki/Category:Characters_in_The_Lord_of_the_Rings,https://tolkiengateway.net/wiki/Gerontius_Took,735,3816,155,82,False
Ghân-buri-Ghân,literary,https://tolkiengateway.net/wiki/Category:Characters_in_The_Lord_of_the_Rings,https://tolkiengateway.net/wiki/Gh%C3%A2n-buri-Gh%C3%A2n,1038,5949,99,56,False
Gildor,literary,https://tolkiengateway.net/wiki/Category:Characters_in_The_Lord_of_the_Rings,https://tolkiengateway.net/wiki/Gildor,1718,9299,162,105,False
Gimli,literary,https://tolkiengateway.net/wiki/Category:Characters_in_The_Lord_of_the_Rings,https://tolkiengateway.net/wiki/Gimli,4649,24918,658,333,False
Gléowine,literary,https://tolkiengateway.net/wiki/Category:Characters_in_The_Lord_of_the_Rings,https://tolkiengateway.net/wiki/Gl%C3%A9owine,275,1560,36,32,False
Glóin,literary,https://tolkiengateway.net/wiki/Category:Characters_in_The_Lord_of_the_Rings,https://tolkiengateway.net/wiki/Gl%C3%B3in,3156,16857,425,279,False
Glorfindel,literary,https://tolkiengateway.net/wiki/Category:Characters_in_The_Lord_of_the_Rings,https://tolkiengateway.net/wiki/Glorfindel,4558,25526,433,251,True
Golasgil,literary,https://tolkiengateway.net/wiki/Category:Characters_in_The_Lord_of_the_Rings,https://tolkiengateway.net/wiki/Golasgil,406,2186,43,32,False
Goldberry,literary,https://tolkiengateway.net/wiki/Category:Characters_in_The_Lord_of_the_Rings,https://tolkiengateway.net/wiki/Goldberry,1383,7915,122,84,True
Gollum,literary,https://tolkiengateway.net/wiki/Category:Characters_in_The_Lord_of_the_Rings,https://tolkiengateway.net/wiki/Gollum,5460,29598,534,345,False
Gorbag,literary,https://tolkiengateway.net/wiki/Category:Characters_in_The_Lord_of_the_Rings,https://tolkiengateway.net/wiki/Gorbag,613,3318,62,42,False
Gothmog (Lieutenant of Morgul),literary,https://tolkiengateway.net/wiki/Category:Characters_in_The_Lord_of_the_Rings,https://tolkiengateway.net/wiki/Gothmog_(Lieutenant_of_Morgul),1587,8953,134,96,False
Gríma,literary,https://tolkiengateway.net/wiki/Category:Characters_in_The_Lord_of_the_Rings,https://tolkiengateway.net/wiki/Gr%C3%ADma,2118,11536,201,149,False
Grimbold,literary,https://tolkiengateway.net/wiki/Category:Characters_in_The_Lord_of_the_Rings,https://tolkiengateway.net/wiki/Grimbold,860,4747,72,54,False
Grishnákh,literary,https://tolkiengateway.net/wiki/Category:Characters_in_The_Lord_of_the_Rings,https://tolkiengateway.net/wiki/Grishn%C3%A1kh,1135,6067,164,128,False
Guthláf,literary,https://tolkiengateway.net/wiki/Category:Characters_in_The_Lord_of_the_Rings,https://tolkiengateway.net/wiki/Guthl%C3%A1f,322,1744,44,36,False
Gwaihir,literary,https://tolkiengateway.net/wiki/Category:Characters_in_The_Lord_of_the_Rings,https://tolkiengateway.net/wiki/Gwaihir,1646,8829,192,111,False
Halbarad,literary,https://tolkiengateway.net/wiki/Category:Characters_in_The_Lord_of_the_Rings,https://tolkiengateway.net/wiki/Halbarad,774,4127,105,76,False
Haldir,literary,https://tolkiengateway.net/wiki/Category:Characters_in_The_Lord_of_the_Rings,https://tolkiengateway.net/wiki/Haldir,918,4920,148,120,False
Háma,literary,https://tolkiengateway.net/wiki/Category:Characters_in_The_Lord_of_the_Rings,https://tolkiengateway.net/wiki/H%C3%A1ma,809,4262,82,60,False
Harding (rider of Rohan),literary,https://tolkiengateway.net/wiki/Category:Characters_in_The_Lord_of_the_Rings,https://tolkiengateway.net/wiki/Harding_(rider_of_Rohan),293,1592,35,32,False
Harry Goatleaf,literary,https://tolkiengateway.net/wiki/Category:Characters_in_The_Lord_of_the_Rings,https://tolkiengateway.net/wiki/Harry_Goatleaf,879,4860,69,50,False
Herb-master,literary,https://tolkiengateway.net/wiki/Category:Characters_in_The_Lord_of_the_Rings,https://tolkiengateway.net/wiki/Herb-master,691,3889,42,27,False
Herefara,literary,https://tolkiengateway.net/wiki/Category:Characters_in_The_Lord_of_the_Rings,https://tolkiengateway.net/wiki/Herefara,395,2224,39,33,False
Herubrand,literary,https://tolkiengateway.net/wiki/Category:Characters_in_The_Lord_of_the_Rings,https://tolkiengateway.net/wiki/Herubrand,463,2532,47,33,False
Hirgon,literary,https://tolkiengateway.net/wiki/Category:Characters_in_The_Lord_of_the_Rings,https://tolkiengateway.net/wiki/Hirgon,1118,6128,82,51,False
Hirluin,literary,https://tolkiengateway.net/wiki/Category:Characters_in_The_Lord_of_the_Rings,https://tolkiengateway.net/wiki/Hirluin,473,2484,57,39,False
Hob Hayward,literary,https://tolkiengateway.net/wiki/Category:Characters_in_The_Lord_of_the_Rings,https://tolkiengateway.net/wiki/Hob_Hayward,259,1454,31,25,False
Horn (rider of Rohan),literary,https://tolkiengateway.net/wiki/Category:Characters_in_The_Lord_of_the_Rings,https://tolkiengateway.net/wiki/Horn_(rider_of_Rohan),371,1957,32,29,False
Hound of Sauron,literary,https://tolkiengateway.net/wiki/Category:Characters_in_The_Lord_of_the_Rings,https://tolkiengateway.net/wiki/Hound_of_Sauron,228,1244,31,26,False
Húrin (Warden of the Keys),literary,https://tolkiengateway.net/wiki/Category:Characters_in_The_Lord_of_the_Rings,https://tolkiengateway.net/wiki/H%C3%BArin_(Warden_of_the_Keys),378,2065,40,31,False
Imrahil,literary,https://tolkiengateway.net/wiki/Category:Characters_in_The_Lord_of_the_Rings,https://tolkiengateway.net/wiki/Imrahil,1771,9690,253,147,False
Ingold,literary,https://tolkiengateway.net/wiki/Category:Characters_in_The_Lord_of_the_Rings,https://tolkiengateway.net/wiki/Ingold,453,2469,56,45,False
Ioreth,literary,https://tolkiengateway.net/wiki/Category:Characters_in_The_Lord_of_the_Rings,https://tolkiengateway.net/wiki/Ioreth,527,2916,47,39,False
Iorlas,literary,https://tolkiengateway.net/wiki/Category:Characters_in_The_Lord_of_the_Rings,https://tolkiengateway.net/wiki/Iorlas,316,1662,52,34,False
Khamûl,literary,https://tolkiengateway.net/wiki/Category:Characters_in_The_Lord_of_the_Rings,https://tolkiengateway.net/wiki/Kham%C3%BBl,2653,14404,232,129,True
King of the Dead,literary,https://tolkiengateway.net/wiki/Category:Characters_in_The_Lord_of_the_Rings,https://tolkiengateway.net/wiki/King_of_the_Dead,506,2682,53,36,False
Lagduf,literary,https://tolkiengateway.net/wiki/Category:Characters_in_The_Lord_of_the_Rings,https://tolkiengateway.net/wiki/Lagduf,230,1198,25,21,False
Landroval,literary,https://tolkiengateway.net/wiki/Category:Characters_in_The_Lord_of_the_Rings,https://tolkiengateway.net/wiki/Landroval,354,2031,53,36,False
Leaflock,literary,https://tolkiengateway.net/wiki/Category:Characters_in_The_Lord_of_the_Rings,https://tolkiengateway.net/wiki/Leaflock,319,1821,44,32,False
Legolas,literary,https://tolkiengateway.net/wiki/Category:Characters_in_The_Lord_of_the_Rings,https://tolkiengateway.net/wiki/Legolas,7018,38143,735,391,False
Lindir,literary,https://tolkiengateway.net/wiki/Category:Characters_in_The_Lord_of_the_Rings,https://tolkiengateway.net/wiki/Lindir,402,2253,35,28,False
Lobelia Sackville-Baggins,literary,https://tolkiengateway.net/wiki/Category:Characters_in_The_Lord_of_the_Rings,https://tolkiengateway.net/wiki/Lobelia_Sackville-Baggins,1250,7060,125,81,False
Lotho Sackville-Baggins,literary,https://tolkiengateway.net/wiki/Category:Characters_in_The_Lord_of_the_Rings,https://tolkiengateway.net/wiki/Lotho_Sackville-Baggins,1379,7785,146,74,False
Lugdush,literary,https://tolkiengateway.net/wiki/Category:Characters_in_The_Lord_of_the_Rings,https://tolkiengateway.net/wiki/Lugdush,401,2191,55,41,False
Mablung (ranger of Ithilien),literary,https://tolkiengateway.net/wiki/Category:Characters_in_The_Lord_of_the_Rings,https://tolkiengateway.net/wiki/Mablung_(ranger_of_Ithilien),717,3884,91,63,False
Mat Heathertoes,literary,https://tolkiengateway.net/wiki/Category:Characters_in_The_Lord_of_the_Rings,https://tolkiengateway.net/wiki/Mat_Heathertoes,469,2508,46,32,False
Mauhúr,literary,https://tolkiengateway.net/wiki/Category:Characters_in_The_Lord_of_the_Rings,https://tolkiengateway.net/wiki/Mauh%C3%BAr,355,1967,47,36,False
Meneldor,literary,https://tolkiengateway.net/wiki/Category:Characters_in_The_Lord_of_the_Rings,https://tolkiengateway.net/wiki/Meneldor,325,1787,43,36,False
Meriadoc Brandybuck,literary,https://tolkiengateway.net/wiki/Category:Characters_in_The_Lord_of_the_Rings,https://tolkiengateway.net/wiki/Meriadoc_Brandybuck,4517,24129,657,316,False
Minstrel of Gondor,literary,https://tolkiengateway.net/wiki/Category:Characters_in_The_Lord_of_the_Rings,https://tolkiengateway.net/wiki/Minstrel_of_Gondor,560,2991,60,41,False
Mouth of Sauron,literary,https://tolkiengateway.net/wiki/Category:Characters_in_The_Lord_of_the_Rings,https://tolkiengateway.net/wiki/Mouth_of_Sauron,2067,11202,138,93,False
Mr. Mugwort,literary,https://tolkiengateway.net/wiki/Category:Characters_in_The_Lord_of_the_Rings,https://tolkiengateway.net/wiki/Mr._Mugwort,91,490,13,11,False
Mrs Maggot,literary,https://tolkiengateway.net/wiki/Category:Characters_in_The_Lord_of_the_Rings,https://tolkiengateway.net/wiki/Mrs_Maggot,127,727,20,17,False
Muzgash,literary,https://tolkiengateway.net/wiki/Category:Characters_in_The_Lord_of_the_Rings,https://tolkiengateway.net/wiki/Muzgash,152,772,18,15,False
Nameless things,literary,https://tolkiengateway.net/wiki/Category:Characters_in_The_Lord_of_the_Rings,https://tolkiengateway.net/wiki/Nameless_things,994,5484,116,101,True
Nazgûl,literary,https://tolkiengateway.net/wiki/Category:Characters_in_The_Lord_of_the_Rings,https://tolkiengateway.net/wiki/Nazg%C3%BBl,5902,32106,527,292,False
Nob,literary,https://tolkiengateway.net/wiki/Category:Characters_in_The_Lord_of_the_Rings,https://tolkiengateway.net/wiki/Nob,551,2884,66,42,False
Oathbreakers,literary,https://tolkiengateway.net/wiki/Category:Characters_in_The_Lord_of_the_Rings,https://tolkiengateway.net/wiki/Oathbreakers,1121,5918,98,53,False
Odo Proudfoot,literary,https://tolkiengateway.net/wiki/Category:Characters_in_The_Lord_of_the_Rings,https://tolkiengateway.net/wiki/Odo_Proudfoot,389,2177,48,34,False
Old Man Willow,literary,https://tolkiengateway.net/wiki/Category:Characters_in_The_Lord_of_the_Rings,https://tolkiengateway.net/wiki/Old_Man_Willow,996,5402,86,54,False
Old Noakes,literary,https://tolkiengateway.net/wiki/Category:Characters_in_The_Lord_of_the_Rings,https://tolkiengateway.net/wiki/Old_Noakes,498,2742,48,38,False
Orc-chieftain,literary,https://tolkiengateway.net/wiki/Category:Characters_in_The_Lord_of_the_Rings,https://tolkiengateway.net/wiki/Orc-chieftain,1135,6223,102,46,False
Orophin,literary,https://tolkiengateway.net/wiki/Category:Characters_in_The_Lord_of_the_Rings,https://tolkiengateway.net/wiki/Orophin,449,2489,57,39,False
Otho Sackville-Baggins,literary,https://tolkiengateway.net/wiki/Category:Characters_in_The_Lord_of_the_Rings,https://tolkiengateway.net/wiki/Otho_Sackville-Baggins,673,3761,76,51,False
Peregrin Took,literary,https://tolkiengateway.net/wiki/Category:Characters_in_The_Lord_of_the_Rings,https://tolkiengateway.net/wiki/Peregrin_Took,4798,26023,708,348,False
Quickbeam,literary,https://tolkiengateway.net/wiki/Category:Characters_in_The_Lord_of_the_Rings,https://tolkiengateway.net/wiki/Quickbeam,687,3761,70,54,False
Radagast,literary,https://tolkiengateway.net/wiki/Category:Characters_in_The_Lord_of_the_Rings,https://tolkiengateway.net/wiki/Radagast,4582,25276,510,282,False
Radbug,literary,https://tolkiengateway.net/wiki/Category:Characters_in_The_Lord_of_the_Rings,https://tolkiengateway.net/wiki/Radbug,101,524,13,13,False
Robin Smallburrow,literary,https://tolkiengateway.net/wiki/Category:Characters_in_The_Lord_of_the_Rings,https://tolkiengateway.net/wiki/Robin_Smallburrow,503,2870,54,40,False
Rose Cotton,literary,https://tolkiengateway.net/wiki/Category:Characters_in_The_Lord_of_the_Rings,https://tolkiengateway.net/wiki/Rose_Cotton,1753,9042,222,129,False
Rowlie Appledore,literary,https://tolkiengateway.net/wiki/Category:Characters_in_The_Lord_of_the_Rings,https://tolkiengateway.net/wiki/Rowlie_Appledore,218,1186,23,16,False
Rúmil (elf of Lórien),literary,https://tolkiengateway.net/wiki/Category:Characters_in_The_Lord_of_the_Rings,https://tolkiengateway.net/wiki/R%C3%BAmil_(elf_of_L%C3%B3rien),540,3023,51,34,False
Samwise Gamgee,literary,https://tolkiengateway.net/wiki/Category:Characters_in_The_Lord_of_the_Rings,https://tolkiengateway.net/wiki/Samwise_Gamgee,6481,34258,819,385,False
Sancho Proudfoot,literary,https://tolkiengateway.net/wiki/Category:Characters_in_The_Lord_of_the_Rings,https://tolkiengateway.net/wiki/Sancho_Proudfoot,430,2351,49,35,False
Saruman,literary,https://tolkiengateway.net/wiki/Category:Characters_in_The_Lord_of_the_Rings,https://tolkiengateway.net/wiki/Saruman,8951,50070,687,424,False
Sauron,literary,https://tolkiengateway.net/wiki/Category:Characters_in_The_Lord_of_the_Rings,https://tolkiengateway.net/wiki/Sauron,12860,71044,1367,751,True
Shagrat,literary,https://tolkiengateway.net/wiki/Category:Characters_in_The_Lord_of_the_Rings,https://tolkiengateway.net/wiki/Shagrat,722,3964,73,48,False
Shelob,literary,https://tolkiengateway.net/wiki/Category:Characters_in_The_Lord_of_the_Rings,https://tolkiengateway.net/wiki/Shelob,2675,14206,230,102,False
Skinbark,literary,https://tolkiengateway.net/wiki/Category:Characters_in_The_Lord_of_the_Rings,https://tolkiengateway.net/wiki/Skinbark,497,2799,57,41,False
Snaga (orc of Isengard),literary,https://tolkiengateway.net/wiki/Category:Characters_in_The_Lord_of_the_Rings,https://tolkiengateway.net/wiki/Snaga_(orc_of_Isengard),346,1847,52,38,False
Snaga (orc of Mordor),literary,https://tolkiengateway.net/wiki/Category:Characters_in_The_Lord_of_the_Rings,https://tolkiengateway.net/wiki/Snaga_(orc_of_Mordor),510,2714,47,34,False
Squint-eyed southerner,literary,https://tolkiengateway.net/wiki/Category:Characters_in_The_Lord_of_the_Rings,https://tolkiengateway.net/wiki/Squint-eyed_southerner,995,5675,97,74,False
Targon,literary,https://tolkiengateway.net/wiki/Category:Characters_in_The_Lord_of_the_Rings,https://tolkiengateway.net/wiki/Targon,223,1144,34,25,False
Ted Sandyman,literary,https://tolkiengateway.net/wiki/Category:Characters_in_The_Lord_of_the_Rings,https://tolkiengateway.net/wiki/Ted_Sandyman,752,4057,79,65,False
Théoden,literary,https://tolkiengateway.net/wiki/Category:Characters_in_The_Lord_of_the_Rings,https://tolkiengateway.net/wiki/Th%C3%A9oden,3200,16715,447,253,False
Théodred,literary,https://tolkiengateway.net/wiki/Category:Characters_in_The_Lord_of_the_Rings,https://tolkiengateway.net/wiki/Th%C3%A9odred,995,5542,106,67,False
Thranduil,literary,https://tolkiengateway.net/wiki/Category:Characters_in_The_Lord_of_the_Rings,https://tolkiengateway.net/wiki/Thranduil,4282,23689,411,241,False
Tom Bombadil,literary,https://tolkiengateway.net/wiki/Category:Characters_in_The_Lord_of_the_Rings,https://tolkiengateway.net/wiki/Tom_Bombadil,4282,23481,373,216,True
Tom Pickthorn,literary,https://tolkiengateway.net/wiki/Category:Characters_in_The_Lord_of_the_Rings,https://tolkiengateway.net/wiki/Tom_Pickthorn,96,531,18,14,False
Treebeard,literary,https://tolkiengateway.net/wiki/Category:Characters_in_The_Lord_of_the_Rings,https://tolkiengateway.net/wiki/Treebeard,2118,11859,246,173,False
Ufthak,literary,https://tolkiengateway.net/wiki/Category:Characters_in_The_Lord_of_the_Rings,https://tolkiengateway.net/wiki/Ufthak,165,875,11,11,False
Uglúk,literary,https://tolkiengateway.net/wiki/Category:Characters_in_The_Lord_of_the_Rings,https://tolkiengateway.net/wiki/Ugl%C3%BAk,1480,8191,126,79,False
Warden of the Houses of Healing,literary,https://tolkiengateway.net/wiki/Category:Characters_in_The_Lord_of_the_Rings,https://tolkiengateway.net/wiki/Warden_of_the_Houses_of_Healing,401,2112,27,19,False
Watcher in the Water,literary,https://tolkiengateway.net/wiki/Category:Characters_in_The_Lord_of_the_Rings,https://tolkiengateway.net/wiki/Watcher_in_the_Water,2295,12476,121,68,False
Wídfara,literary,https://tolkiengateway.net/wiki/Category:Characters_in_The_Lord_of_the_Rings,https://tolkiengateway.net/wiki/W%C3%ADdfara,294,1609,28,23,False
Widow Rumble,literary,https://tolkiengateway.net/wiki/Category:Characters_in_The_Lord_of_the_Rings,https://tolkiengateway.net/wiki/Widow_Rumble,125,674,22,19,False
Wilcome Cotton II,literary,https://tolkiengateway.net/wiki/Category:Characters_in_The_Lord_of_the_Rings,https://tolkiengateway.net/wiki/Wilcome_Cotton_II,272,1494,42,32,False
Will Whitfoot,literary,https://tolkiengateway.net/wiki/Category:Characters_in_The_Lord_of_the_Rings,https://tolkiengateway.net/wiki/Will_Whitfoot,524,2808,69,45,False
Witch-king,literary,https://tolkiengateway.net/wiki/Category:Characters_in_The_Lord_of_the_Rings,https://tolkiengateway.net/wiki/Witch-king,8083,44219,712,354,False
Abigail,adaptation,https://tolkiengateway.net/wiki/Category:The_Rings_of_Power_(TV_series)_characters,https://tolkiengateway.net/wiki/Abigail,261,1516,21,17,False
Adar (The Rings of Power),adaptation,https://tolkiengateway.net/wiki/Category:The_Rings_of_Power_(TV_series)_characters,https://tolkiengateway.net/wiki/Adar_(The_Rings_of_Power),2812,16299,111,76,False
Arondir,adaptation,https://tolkiengateway.net/wiki/Category:The_Rings_of_Power_(TV_series)_characters,https://tolkiengateway.net/wiki/Arondir,1693,9718,67,58,False
Astrid (The Rings of Power),adaptation,https://tolkiengateway.net/wiki/Category:The_Rings_of_Power_(TV_series)_characters,https://tolkiengateway.net/wiki/Astrid_(The_Rings_of_Power),243,1390,22,17,False
Berek,adaptation,https://tolkiengateway.net/wiki/Category:The_Rings_of_Power_(TV_series)_characters,https://tolkiengateway.net/wiki/Berek,128,775,20,16,False
Brandyfoot Family,adaptation,https://tolkiengateway.net/wiki/Category:The_Rings_of_Power_(TV_series)_characters,https://tolkiengateway.net/wiki/Brandyfoot_Family,184,1039,17,12,False
Bronwyn,adaptation,https://tolkiengateway.net/wiki/Category:The_Rings_of_Power_(TV_series)_characters,https://tolkiengateway.net/wiki/Bronwyn,209,1258,27,18,False
Brânk,adaptation,https://tolkiengateway.net/wiki/Category:The_Rings_of_Power_(TV_series)_characters,https://tolkiengateway.net/wiki/Br%C3%A2nk,339,1964,25,20,False
Ciaran,adaptation,https://tolkiengateway.net/wiki/Category:The_Rings_of_Power_(TV_series)_characters,https://tolkiengateway.net/wiki/Ciaran,133,819,19,13,False
Daffodil Burrows,adaptation,https://tolkiengateway.net/wiki/Category:The_Rings_of_Power_(TV_series)_characters,https://tolkiengateway.net/wiki/Daffodil_Burrows,173,995,17,11,False
Dark Wizard,adaptation,https://tolkiengateway.net/wiki/Category:The_Rings_of_Power_(TV_series)_characters,https://tolkiengateway.net/wiki/Dark_Wizard,528,3050,25,23,False
Dilly Brandyfoot,adaptation,https://tolkiengateway.net/wiki/Category:The_Rings_of_Power_(TV_series)_characters,https://tolkiengateway.net/wiki/Dilly_Brandyfoot,187,1102,26,14,False
Disa,adaptation,https://tolkiengateway.net/wiki/Category:The_Rings_of_Power_(TV_series)_characters,https://tolkiengateway.net/wiki/Disa,278,1604,23,20,False
Doble,adaptation,https://tolkiengateway.net/wiki/Category:The_Rings_of_Power_(TV_series)_characters,https://tolkiengateway.net/wiki/Doble,179,1017,20,15,False
The Dweller,adaptation,https://tolkiengateway.net/wiki/Category:The_Rings_of_Power_(TV_series)_characters,https://tolkiengateway.net/wiki/The_Dweller,456,2620,29,21,False
Eamon (The Rings of Power),adaptation,https://tolkiengateway.net/wiki/Category:The_Rings_of_Power_(TV_series)_characters,https://tolkiengateway.net/wiki/Eamon_(The_Rings_of_Power),97,568,12,9,False
Eärien,adaptation,https://tolkiengateway.net/wiki/Category:The_Rings_of_Power_(TV_series)_characters,https://tolkiengateway.net/wiki/E%C3%A4rien,147,875,23,19,False
Edda,adaptation,https://tolkiengateway.net/wiki/Category:The_Rings_of_Power_(TV_series)_characters,https://tolkiengateway.net/wiki/Edda,210,1149,26,17,False
Elanor Brandyfoot,adaptation,https://tolkiengateway.net/wiki/Category:The_Rings_of_Power_(TV_series)_characters,https://tolkiengateway.net/wiki/Elanor_Brandyfoot,280,1650,33,23,False
Gamli,adaptation,https://tolkiengateway.net/wiki/Category:The_Rings_of_Power_(TV_series)_characters,https://tolkiengateway.net/wiki/Gamli,215,1186,27,17,False
Gaudrim,adaptation,https://tolkiengateway.net/wiki/Category:The_Rings_of_Power_(TV_series)_characters,https://tolkiengateway.net/wiki/Gaudrim,370,2125,27,21,False
Gerda,adaptation,https://tolkiengateway.net/wiki/Category:The_Rings_of_Power_(TV_series)_characters,https://tolkiengateway.net/wiki/Gerda,242,1356,25,17,False
Halbrand,adaptation,https://tolkiengateway.net/wiki/Category:The_Rings_of_Power_(TV_series)_characters,https://tolkiengateway.net/wiki/Halbrand,1410,8375,79,65,False
Hana,adaptation,https://tolkiengateway.net/wiki/Category:The_Rings_of_Power_(TV_series)_characters,https://tolkiengateway.net/wiki/Hana,134,815,20,13,False
Imrahil (The Rings of Power),adaptation,https://tolkiengateway.net/wiki/Category:The_Rings_of_Power_(TV_series)_characters,https://tolkiengateway.net/wiki/Imrahil_(The_Rings_of_Power),306,1741,28,13,False
Kemen (The Rings of Power),adaptation,https://tolkiengateway.net/wiki/Category:The_Rings_of_Power_(TV_series)_characters,https://tolkiengateway.net/wiki/Kemen_(The_Rings_of_Power),499,3119,31,26,False
Largo Brandyfoot,adaptation,https://tolkiengateway.net/wiki/Category:The_Rings_of_Power_(TV_series)_characters,https://tolkiengateway.net/wiki/Largo_Brandyfoot,328,1914,34,18,False
Lurka,adaptation,https://tolkiengateway.net/wiki/Category:The_Rings_of_Power_(TV_series)_characters,https://tolkiengateway.net/wiki/Lurka,121,715,15,13,False
Magrot,adaptation,https://tolkiengateway.net/wiki/Category:The_Rings_of_Power_(TV_series)_characters,https://tolkiengateway.net/wiki/Magrot,120,709,16,14,False
Malva Meadowgrass,adaptation,https://tolkiengateway.net/wiki/Category:The_Rings_of_Power_(TV_series)_characters,https://tolkiengateway.net/wiki/Malva_Meadowgrass,90,505,10,8,False
Margid Rustborin,adaptation,https://tolkiengateway.net/wiki/Category:The_Rings_of_Power_(TV_series)_characters,https://tolkiengateway.net/wiki/Margid_Rustborin,115,713,13,10,False
Marigold Brandyfoot,adaptation,https://tolkiengateway.net/wiki/Category:The_Rings_of_Power_(TV_series)_characters,https://tolkiengateway.net/wiki/Marigold_Brandyfoot,465,2749,41,24,False
Médhor,adaptation,https://tolkiengateway.net/wiki/Category:The_Rings_of_Power_(TV_series)_characters,https://tolkiengateway.net/wiki/M%C3%A9dhor,141,815,21,16,False
Mr. Mouse,adaptation,https://tolkiengateway.net/wiki/Category:The_Rings_of_Power_(TV_series)_characters,https://tolkiengateway.net/wiki/Mr._Mouse,341,1959,18,16,False
Ontamo,adaptation,https://tolkiengateway.net/wiki/Category:The_Rings_of_Power_(TV_series)_characters,https://tolkiengateway.net/wiki/Ontamo,391,2366,36,28,False
Poppy Proudfellow,adaptation,https://tolkiengateway.net/wiki/Category:The_Rings_of_Power_(TV_series)_characters,https://tolkiengateway.net/wiki/Poppy_Proudfellow,115,673,13,12,False
Revion,adaptation,https://tolkiengateway.net/wiki/Category:The_Rings_of_Power_(TV_series)_characters,https://tolkiengateway.net/wiki/Revion,123,720,17,12,False
Rían (Kip Chapman),adaptation,https://tolkiengateway.net/wiki/Category:The_Rings_of_Power_(TV_series)_characters,https://tolkiengateway.net/wiki/R%C3%ADan_(Kip_Chapman),245,1384,27,18,False
Rose Brandyfoot,adaptation,https://tolkiengateway.net/wiki/Category:The_Rings_of_Power_(TV_series)_characters,https://tolkiengateway.net/wiki/Rose_Brandyfoot,254,1463,26,13,False
Rowan (The Rings of Power),adaptation,https://tolkiengateway.net/wiki/Category:The_Rings_of_Power_(TV_series)_characters,https://tolkiengateway.net/wiki/Rowan_(The_Rings_of_Power),138,818,19,12,False
Sadoc Burrows,adaptation,https://tolkiengateway.net/wiki/Category:The_Rings_of_Power_(TV_series)_characters,https://tolkiengateway.net/wiki/Sadoc_Burrows,412,2418,35,25,False
Snaggleroot,adaptation,https://tolkiengateway.net/wiki/Category:The_Rings_of_Power_(TV_series)_characters,https://tolkiengateway.net/wiki/Snaggleroot,140,840,13,12,False
The Stranger,adaptation,https://tolkiengateway.net/wiki/Category:The_Rings_of_Power_(TV_series)_characters,https://tolkiengateway.net/wiki/The_Stranger,1703,9689,90,67,False
Theo,adaptation,https://tolkiengateway.net/wiki/Category:The_Rings_of_Power_(TV_series)_characters,https://tolkiengateway.net/wiki/Theo,136,800,23,17,False
Thondir,adaptation,https://tolkiengateway.net/wiki/Category:The_Rings_of_Power_(TV_series)_characters,https://tolkiengateway.net/wiki/Thondir,337,1964,27,19,False
Tredwill,adaptation,https://tolkiengateway.net/wiki/Category:The_Rings_of_Power_(TV_series)_characters,https://tolkiengateway.net/wiki/Tredwill,89,569,15,11,False
Valandil (The Rings of Power),adaptation,https://tolkiengateway.net/wiki/Category:The_Rings_of_Power_(TV_series)_characters,https://tolkiengateway.net/wiki/Valandil_(The_Rings_of_Power),671,3977,51,42,False
Vilma,adaptation,https://tolkiengateway.net/wiki/Category:The_Rings_of_Power_(TV_series)_characters,https://tolkiengateway.net/wiki/Vilma,72,405,8,7,False
Vrath,adaptation,https://tolkiengateway.net/wiki/Category:The_Rings_of_Power_(TV_series)_characters,https://tolkiengateway.net/wiki/Vrath,116,671,17,14,False
Waldreg,adaptation,https://tolkiengateway.net/wiki/Category:The_Rings_of_Power_(TV_series)_characters,https://tolkiengateway.net/wiki/Waldreg,276,1558,34,24,False
Winterbloom,adaptation,https://tolkiengateway.net/wiki/Category:The_Rings_of_Power_(TV_series)_characters,https://tolkiengateway.net/wiki/Winterbloom,117,710,11,9,False
